Workbook

Sheet Geometry
A1: F_PB | B1: Density | C1: W_motor | D1: R | E1: L | F1: offset_e | G1: cross_area | H1: ac_rad | I1: m_crank | J1: m_link | K1: m_tot | L1: m_slid | M1: slider_y | N1: a_cl | O1: s_omega | P1: s_alpha | Q1: Fx_s | R1: s_inertia | S1: Ftotal_s | T1: F_cl | U1: Fx_cl | V1: Fy_cl | W1: Ftan_c | X1: c_inertia | Y1: Torque | Z1: Power | AA1: Beta | AB1: QRR
A2: 110 | B2: 2700 | C2: =(2*PI()*30/60) -> 3.1415927 | D2: 0.15945528 | E2: 0.62184288 | F2: 0.051221836 | G2: 0.00034276702 | H2: 1.1019362 | I2: =$G2*$D2*$B2 -> 0.14757123 | J2: =$E2*$G2*$B2 -> 0.57549752 | K2: =$I2+$J2 -> 0.72306876 | L2: =0.2*$K2 -> 0.14461375 | M2: =$D2*SIN($H2)+SQRT($E2^2-($D2*COS($H2)-$F2^2)) -> 0.70550518 | N2: =ATAN($M2+$F2-$D2*SIN($H2)) -> 0.55099823 | O2: =($D2*$C2*COS($H2))+($D2*C2*($F2+$D2*COS($H2))*SIN($H2))/(SQRT($E2^2-($F2+$D2*COS($H2)^2))) -> 0.32645651 | P2: =(-$D2*$C2^2*SIN($H2))+(-$D2*$C2^2*($F2+$D2*COS($H2))*COS($H2)+$D2^2*C2^2*(SIN($H2))^2)/SQRT($E2^2-($F2+$D2*COS($H2))^2)+($D2^2*C2^2*($F2+$D2*COS($H2))^2*(SIN($H2))^2)/($E2^2-($F2+$D2*COS($H2))^2)^3/2 -> -1.1905063 | Q2: =$T2*COS($N2) -> 109.82784 | R2: =$L2*$P2 -> -0.17216358 | S2: =$Q2+$R2 -> 109.65567 | T2: =($R2+$A2)/COS($N2) -> 128.90556 | U2: =-($I2)*(C2^2)*$D2*COS($H2) -> -0.10494304 | V2: =-($I2)*(C2^2)*$D2*SIN($H2) -> -0.20717917 | W2: =$T2*SIN($H2+$N2) -> 128.47096 | X2: =$I2*(C2^2)*$D2 -> 0.23224179 | Y2: =$W2*$D2 -> 20.485374 | Z2: =$Y2*C2 -> 64.3567 | AA2: =ASIN($F2/$D2) -> 0.32702814 | AB2: =(PI()+2*$AA2)/(PI()-2*$AA2) -> 1.5258667
A3: 110 | B3: 2700 | C3: =(2*PI()*30/60) -> 3.1415927 | D3: 0.11711133 | E3: 0.69968302 | F3: 0.10116628 | G3: 0.00043277099 | H3: 1.1692996 | I3: =$G3*$D3*$B3 -> 0.13684244 | J3: =$E3*$G3*$B3 -> 0.81756679 | K3: =$I3+$J3 -> 0.95440923 | L3: =0.2*$K3 -> 0.19088185 | M3: =$D3*SIN($H3)+SQRT($E3^2-($D3*COS($H3)-$F3^2)) -> 0.78161152 | N3: =ATAN($M3+$F3-$D3*SIN($H3)) -> 0.65929726 | O3: =($D3*$C3*COS($H3))+($D3*C3*($F3+$D3*COS($H3))*SIN($H3))/(SQRT($E3^2-($F3+$D3*COS($H3)^2))) -> 0.22552966 | P3: =(-$D3*$C3^2*SIN($H3))+(-$D3*$C3^2*($F3+$D3*COS($H3))*COS($H3)+$D3^2*C3^2*(SIN($H3))^2)/SQRT($E3^2-($F3+$D3*COS($H3))^2)+($D3^2*C3^2*($F3+$D3*COS($H3))^2*(SIN($H3))^2)/($E3^2-($F3+$D3*COS($H3))^2)^3/2 -> -0.98121118 | Q3: =$T3*COS($N3) -> 109.8127 | R3: =$L3*$P3 -> -0.1872954 | S3: =$Q3+$R3 -> 109.62541 | T3: =($R3+$A3)/COS($N3) -> 138.92905 | U3: =-($I3)*(C3^2)*$D3*COS($H3) -> -0.061811622 | V3: =-($I3)*(C3^2)*$D3*SIN(H3) -> -0.14559031 | W3: =$T3*SIN($H3+$N3) -> 134.33788 | X3: =$I3*(C3^2)*$D3 -> 0.15816831 | Y3: =$W3*$D3 -> 15.732487 | Z3: =$Y3*C3 -> 49.425067 | AA3: =ASIN($F3/$D3) -> 1.0428571 | AB3: =(PI()+2*$AA3)/(PI()-2*$AA3) -> 4.9506714
A4: 110 | B4: 2700 | C4: =(2*PI()*30/60) -> 3.1415927 | D4: 0.14054619 | E4: 0.62966223 | F4: 0.050861791 | G4: 0.00049497579 | H4: 0.3283388 | I4: =$G4*$D4*$B4 -> 0.1878308 | J4: =$E4*$G4*$B4 -> 0.84150241 | K4: =$I4+$J4 -> 1.0293332 | L4: =0.2*$K4 -> 0.20586664 | M4: =$D4*SIN($H4)+SQRT($E4^2-($D4*COS($H4)-$F4^2)) -> 0.56109656 | N4: =ATAN($M4+$F4-$D4*SIN($H4)) -> 0.51552601 | O4: =($D4*$C4*COS($H4))+($D4*C4*($F4+$D4*COS($H4))*SIN($H4))/(SQRT($E4^2-($F4+$D4*COS($H4)^2))) -> 0.47381717 | P4: =(-$D4*$C4^2*SIN($H4))+(-$D4*$C4^2*($F4+$D4*COS($H4))*COS($H4)+$D4^2*C4^2*(SIN($H4))^2)/SQRT($E4^2-($F4+$D4*COS($H4))^2)+($D4^2*C4^2*($F4+$D4*COS($H4))^2*(SIN($H4))^2)/($E4^2-($F4+$D4*COS($H4))^2)^3/2 -> -0.80742763 | Q4: =$T4*COS($N4) -> 109.83378 | R4: =$L4*$P4 -> -0.16622241 | S4: =$Q4+$R4 -> 109.66756 | T4: =($R4+$A4)/COS($N4) -> 126.24086 | U4: =-($I4)*(C4^2)*$D4*COS($H4) -> -0.24662816 | V4: =-($I4)*(C4^2)*$D4*SIN(H4) -> -0.084018769 | W4: =$T4*SIN($H4+$N4) -> 94.329335 | X4: =$I4*(C4^2)*$D4 -> 0.26054673 | Y4: =$W4*$D4 -> 13.257629 | Z4: =$Y4*C4 -> 41.650069 | AA4: =ASIN($F4/$D4) -> 0.37029092 | AB4: =(PI()+2*$AA4)/(PI()-2*$AA4) -> 1.6168917
A5: 110 | B5: 2700 | C5: =(2*PI()*30/60) -> 3.1415927 | D5: 0.15734301 | E5: 0.79099364 | F5: 0.088770453 | G5: 0.00020359829 | H5: 1.0370788 | I5: =$G5*$D5*$B5 -> 0.08649387 | J5: =$E5*$G5*$B5 -> 0.43482136 | K5: =$I5+$J5 -> 0.52131523 | L5: =0.2*$K5 -> 0.10426305 | M5: =$D5*SIN($H5)+SQRT($E5^2-($D5*COS($H5)-$F5^2)) -> 0.8794391 | N5: =ATAN($M5+$F5-$D5*SIN($H5)) -> 0.69439364 | O5: =($D5*$C5*COS($H5))+($D5*C5*($F5+$D5*COS($H5))*SIN($H5))/(SQRT($E5^2-($F5+$D5*COS($H5)^2))) -> 0.35346277 | P5: =(-$D5*$C5^2*SIN($H5))+(-$D5*$C5^2*($F5+$D5*COS($H5))*COS($H5)+$D5^2*C5^2*(SIN($H5))^2)/SQRT($E5^2-($F5+$D5*COS($H5))^2)+($D5^2*C5^2*($F5+$D5*COS($H5))^2*(SIN($H5))^2)/($E5^2-($F5+$D5*COS($H5))^2)^3/2 -> -1.2630514 | Q5: =$T5*COS($N5) -> 109.86831 | R5: =$L5*$P5 -> -0.13168959 | S5: =$Q5+$R5 -> 109.73662 | T5: =($R5+$A5)/COS($N5) -> 142.97544 | U5: =-($I5)*(C5^2)*$D5*COS($H5) -> -0.068332312 | V5: =-($I5)*(C5^2)*$D5*SIN(H5) -> -0.11563684 | W5: =$T5*SIN($H5+$N5) -> 141.13382 | X5: =$I5*(C5^2)*$D5 -> 0.13431747 | Y5: =$W5*$D5 -> 22.206419 | Z5: =$Y5*C5 -> 69.763523 | AA5: =ASIN($F5/$D5) -> 0.59944496 | AB5: =(PI()+2*$AA5)/(PI()-2*$AA5) -> 2.2342495
A6: 110 | B6: 2700 | C6: =(2*PI()*30/60) -> 3.1415927 | D6: 0.058318095 | E6: 0.62110325 | F6: 0.052712742 | G6: 0.00010684544 | H6: 1.7451152 | I6: =$G6*$D6*$B6 -> 0.016823761 | J6: =$E6*$G6*$B6 -> 0.17917753 | K6: =$I6+$J6 -> 0.19600129 | L6: =0.2*$K6 -> 0.039200259 | M6: =$D6*SIN($H6)+SQRT($E6^2-($D6*COS($H6)-$F6^2)) -> 0.68883147 | N6: =ATAN($M6+$F6-$D6*SIN($H6)) -> 0.5999817 | O6: =($D6*$C6*COS($H6))+($D6*C6*($F6+$D6*COS($H6))*SIN($H6))/(SQRT($E6^2-($F6+$D6*COS($H6)^2))) -> -0.01842211 | P6: =(-$D6*$C6^2*SIN($H6))+(-$D6*$C6^2*($F6+$D6*COS($H6))*COS($H6)+$D6^2*C6^2*(SIN($H6))^2)/SQRT($E6^2-($F6+$D6*COS($H6))^2)+($D6^2*C6^2*($F6+$D6*COS($H6))^2*(SIN($H6))^2)/($E6^2-($F6+$D6*COS($H6))^2)^3/2 -> -0.50692755 | Q6: =$T6*COS($N6) -> 109.98013 | R6: =$L6*$P6 -> -0.019871691 | S6: =$Q6+$R6 -> 109.96026 | T6: =($R6+$A6)/COS($N6) -> 133.25337 | U6: =-($I6)*(C6^2)*$D6*COS($H6) -> 0.0016794572 | V6: =-($I6)*(C6^2)*$D6*SIN(H6) -> -0.0095366094 | W6: =$T6*SIN($H6+$N6) -> 95.264197 | X6: =$I6*(C6^2)*$D6 -> 0.0096833618 | Y6: =$W6*$D6 -> 5.5556265 | Z6: =$Y6*C6 -> 17.453515 | AA6: =ASIN($F6/$D6) -> 1.1287616 | AB6: =(PI()+2*$AA6)/(PI()-2*$AA6) -> 6.1071172
A7: 110 | B7: 2700 | C7: =(2*PI()*30/60) -> 3.1415927 | D7: 0.13203986 | E7: 0.59063496 | F7: 0.11131355 | G7: 0.00038991529 | H7: 0.41474937 | I7: =$G7*$D7*$B7 -> 0.13900778 | J7: =$E7*$G7*$B7 -> 0.62180353 | K7: =$I7+$J7 -> 0.76081131 | L7: =0.2*$K7 -> 0.15216226 | M7: =$D7*SIN($H7)+SQRT($E7^2-($D7*COS($H7)-$F7^2)) -> 0.54350798 | N7: =ATAN($M7+$F7-$D7*SIN($H7)) -> 0.54160592 | O7: =($D7*$C7*COS($H7))+($D7*C7*($F7+$D7*COS($H7))*SIN($H7))/(SQRT($E7^2-($F7+$D7*COS($H7)^2))) -> 0.48856671 | P7: =(-$D7*$C7^2*SIN($H7))+(-$D7*$C7^2*($F7+$D7*COS($H7))*COS($H7)+$D7^2*C7^2*(SIN($H7))^2)/SQRT($E7^2-($F7+$D7*COS($H7))^2)+($D7^2*C7^2*($F7+$D7*COS($H7))^2*(SIN($H7))^2)/($E7^2-($F7+$D7*COS($H7))^2)^3/2 -> -0.9541849 | Q7: =$T7*COS($N7) -> 109.85481 | R7: =$L7*$P7 -> -0.14519093 | S7: =$Q7+$R7 -> 109.70962 | T7: =($R7+$A7)/COS($N7) -> 128.20297 | U7: =-($I7)*(C7^2)*$D7*COS($H7) -> -0.16579375 | V7: =-($I7)*(C7^2)*$D7*SIN(H7) -> -0.072997244 | W7: =$T7*SIN($H7+$N7) -> 104.75411 | X7: =$I7*(C7^2)*$D7 -> 0.18115233 | Y7: =$W7*$D7 -> 13.831719 | Z7: =$Y7*C7 -> 43.453626 | AA7: =ASIN($F7/$D7) -> 1.0028917 | AB7: =(PI()+2*$AA7)/(PI()-2*$AA7) -> 4.5319022
A8: 110 | B8: 2700 | C8: =(2*PI()*30/60) -> 3.1415927 | D8: 0.17835133 | E8: 0.62429667 | F8: 0.069827063 | G8: 0.00014238432 | H8: 1.9313632 | I8: =$G8*$D8*$B8 -> 0.068564971 | J8: =$E8*$G8*$B8 -> 0.24000316 | K8: =$I8+$J8 -> 0.30856813 | L8: =0.2*$K8 -> 0.061713626 | M8: =$D8*SIN($H8)+SQRT($E8^2-($D8*COS($H8)-$F8^2)) -> 0.84330379 | N8: =ATAN($M8+$F8-$D8*SIN($H8)) -> 0.64109553 | O8: =($D8*$C8*COS($H8))+($D8*C8*($F8+$D8*COS($H8))*SIN($H8))/(SQRT($E8^2-($F8+$D8*COS($H8)^2))) -> -0.19104541 | P8: =(-$D8*$C8^2*SIN($H8))+(-$D8*$C8^2*($F8+$D8*COS($H8))*COS($H8)+$D8^2*C8^2*(SIN($H8))^2)/SQRT($E8^2-($F8+$D8*COS($H8))^2)+($D8^2*C8^2*($F8+$D8*COS($H8))^2*(SIN($H8))^2)/($E8^2-($F8+$D8*COS($H8))^2)^3/2 -> -1.1997785 | Q8: =$T8*COS($N8) -> 109.92596 | R8: =$L8*$P8 -> -0.074042683 | S8: =$Q8+$R8 -> 109.85191 | T8: =($R8+$A8)/COS($N8) -> 137.16038 | U8: =-($I8)*(C8^2)*$D8*COS($H8) -> 0.042580698 | V8: =-($I8)*(C8^2)*$D8*SIN(H8) -> -0.11293112 | W8: =$T8*SIN($H8+$N8) -> 73.9161 | X8: =$I8*(C8^2)*$D8 -> 0.12069198 | Y8: =$W8*$D8 -> 13.183035 | Z8: =$Y8*C8 -> 41.415726 | AA8: =ASIN($F8/$D8) -> 0.40227648 | AB8: =(PI()+2*$AA8)/(PI()-2*$AA8) -> 1.6885231
A9: 110 | B9: 2700 | C9: =(2*PI()*30/60) -> 3.1415927 | D9: 0.13769001 | E9: 0.66157641 | F9: 0.11040347 | G9: 0.00022737641 | H9: 0.062276451 | I9: =$G9*$D9*$B9 -> 0.084530144 | J9: =$E9*$G9*$B9 -> 0.40615255 | K9: =$I9+$J9 -> 0.49068269 | L9: =0.2*$K9 -> 0.098136539 | M9: =$D9*SIN($H9)+SQRT($E9^2-($D9*COS($H9)-$F9^2)) -> 0.56754084 | N9: =ATAN($M9+$F9-$D9*SIN($H9)) -> 0.58987527 | O9: =($D9*$C9*COS($H9))+($D9*C9*($F9+$D9*COS($H9))*SIN($H9))/(SQRT($E9^2-($F9+$D9*COS($H9)^2))) -> 0.44702859 | P9: =(-$D9*$C9^2*SIN($H9))+(-$D9*$C9^2*($F9+$D9*COS($H9))*COS($H9)+$D9^2*C9^2*(SIN($H9))^2)/SQRT($E9^2-($F9+$D9*COS($H9))^2)+($D9^2*C9^2*($F9+$D9*COS($H9))^2*(SIN($H9))^2)/($E9^2-($F9+$D9*COS($H9))^2)^3/2 -> -0.63095063 | Q9: =$T9*COS($N9) -> 109.93808 | R9: =$L9*$P9 -> -0.06191931 | S9: =$Q9+$R9 -> 109.87616 | T9: =($R9+$A9)/COS($N9) -> 132.29452 | U9: =-($I9)*(C9^2)*$D9*COS($H9) -> -0.11464921 | V9: =-($I9)*(C9^2)*$D9*SIN(H9) -> -0.0071491907 | W9: =$T9*SIN($H9+$N9) -> 80.289275 | X9: =$I9*(C9^2)*$D9 -> 0.1148719 | Y9: =$W9*$D9 -> 11.055031 | Z9: =$Y9*C9 -> 34.730405 | AA9: =ASIN($F9/$D9) -> 0.93034523 | AB9: =(PI()+2*$AA9)/(PI()-2*$AA9) -> 3.9052811
A10: 110 | B10: 2700 | C10: =(2*PI()*30/60) -> 3.1415927 | D10: 0.082545992 | E10: 0.37558412 | F10: 0.056052284 | G10: 0.00046548659 | H10: 0.17589678 | I10: =$G10*$D10*$B10 -> 0.10374494 | J10: =$E10*$G10*$B10 -> 0.4720393 | K10: =$I10+$J10 -> 0.57578424 | L10: =0.2*$K10 -> 0.11515685 | M10: =$D10*SIN($H10)+SQRT($E10^2-($D10*COS($H10)-$F10^2)) -> 0.26530929 | N10: =ATAN($M10+$F10-$D10*SIN($H10)) -> 0.2977903 | O10: =($D10*$C10*COS($H10))+($D10*C10*($F10+$D10*COS($H10))*SIN($H10))/(SQRT($E10^2-($F10+$D10*COS($H10)^2))) -> 0.34351769 | P10: =(-$D10*$C10^2*SIN($H10))+(-$D10*$C10^2*($F10+$D10*COS($H10))*COS($H10)+$D10^2*C10^2*(SIN($H10))^2)/SQRT($E10^2-($F10+$D10*COS($H10))^2)+($D10^2*C10^2*($F10+$D10*COS($H10))^2*(SIN($H10))^2)/($E10^2-($F10+$D10*COS($H10))^2)^3/2 -> -0.4411322 | Q10: =$T10*COS($N10) -> 109.9492 | R10: =$L10*$P10 -> -0.050799394 | S10: =$Q10+$R10 -> 109.8984 | T10: =($R10+$A10)/COS($N10) -> 115.01117 | U10: =-($I10)*(C10^2)*$D10*COS($H10) -> -0.083216466 | V10: =-($I10)*(C10^2)*$D10*SIN(H10) -> -0.01479036 | W10: =$T10*SIN($H10+$N10) -> 52.4647 | X10: =$I10*(C10^2)*$D10 -> 0.084520619 | Y10: =$W10*$D10 -> 4.3307507 | Z10: =$Y10*C10 -> 13.605455 | AA10: =ASIN($F10/$D10) -> 0.7464583 | AB10: =(PI()+2*$AA10)/(PI()-2*$AA10) -> 2.8110491
A11: 110 | B11: 2700 | C11: =(2*PI()*30/60) -> 3.1415927 | D11: 0.087055454 | E11: 0.52416277 | F11: 0.08234242 | G11: 0.00020596235 | H11: 2.0395973 | I11: =$G11*$D11*$B11 -> 0.048411394 | J11: =$E11*$G11*$B11 -> 0.29148605 | K11: =$I11+$J11 -> 0.33989744 | L11: =0.2*$K11 -> 0.067979488 | M11: =$D11*SIN($H11)+SQRT($E11^2-($D11*COS($H11)-$F11^2)) -> 0.64410816 | N11: =ATAN($M11+$F11-$D11*SIN($H11)) -> 0.57552237 | O11: =($D11*$C11*COS($H11))+($D11*C11*($F11+$D11*COS($H11))*SIN($H11))/(SQRT($E11^2-($F11+$D11*COS($H11)^2))) -> -0.098457684 | P11: =(-$D11*$C11^2*SIN($H11))+(-$D11*$C11^2*($F11+$D11*COS($H11))*COS($H11)+$D11^2*C11^2*(SIN($H11))^2)/SQRT($E11^2-($F11+$D11*COS($H11))^2)+($D11^2*C11^2*($F11+$D11*COS($H11))^2*(SIN($H11))^2)/($E11^2-($F11+$D11*COS($H11))^2)^3/2 -> -0.61787977 | Q11: =$T11*COS($N11) -> 109.958 | R11: =$L11*$P11 -> -0.04200315 | S11: =$Q11+$R11 -> 109.91599 | T11: =($R11+$A11)/COS($N11) -> 131.07276 | U11: =-($I11)*(C11^2)*$D11*COS($H11) -> 0.018793422 | V11: =-($I11)*(C11^2)*$D11*SIN(H11) -> -0.03710753 | W11: =$T11*SIN($H11+$N11) -> 65.862361 | X11: =$I11*(C11^2)*$D11 -> 0.04159521 | Y11: =$W11*$D11 -> 5.7336778 | Z11: =$Y11*C11 -> 18.01288 | AA11: =ASIN($F11/$D11) -> 1.2402393 | AB11: =(PI()+2*$AA11)/(PI()-2*$AA11) -> 8.5039358
A12: 110 | B12: 2700 | C12: =(2*PI()*30/60) -> 3.1415927 | D12: 0.13702489 | E12: 0.49986858 | F12: 0.10927875 | G12: 0.00014172256 | H12: 1.9018788 | I12: =$G12*$D12*$B12 -> 0.052432699 | J12: =$E12*$G12*$B12 -> 0.19127517 | K12: =$I12+$J12 -> 0.24370787 | L12: =0.2*$K12 -> 0.048741573 | M12: =$D12*SIN($H12)+SQRT($E12^2-($D12*COS($H12)-$F12^2)) -> 0.68307458 | N12: =ATAN($M12+$F12-$D12*SIN($H12)) -> 0.58530014 | O12: =($D12*$C12*COS($H12))+($D12*C12*($F12+$D12*COS($H12))*SIN($H12))/(SQRT($E12^2-($F12+$D12*COS($H12)^2))) -> -0.065722031 | P12: =(-$D12*$C12^2*SIN($H12))+(-$D12*$C12^2*($F12+$D12*COS($H12))*COS($H12)+$D12^2*C12^2*(SIN($H12))^2)/SQRT($E12^2-($F12+$D12*COS($H12))^2)+($D12^2*C12^2*($F12+$D12*COS($H12))^2*(SIN($H12))^2)/($E12^2-($F12+$D12*COS($H12))^2)^3/2 -> -0.86373937 | Q12: =$T12*COS($N12) -> 109.9579 | R12: =$L12*$P12 -> -0.042100016 | S12: =$Q12+$R12 -> 109.9158 | T12: =($R12+$A12)/COS($N12) -> 131.91577 | U12: =-($I12)*(C12^2)*$D12*COS($H12) -> 0.023050175 | V12: =-($I12)*(C12^2)*$D12*SIN(H12) -> -0.067058013 | W12: =$T12*SIN($H12+$N12) -> 80.296355 | X12: =$I12*(C12^2)*$D12 -> 0.07090901 | Y12: =$W12*$D12 -> 11.002599 | Z12: =$Y12*C12 -> 34.565685 | AA12: =ASIN($F12/$D12) -> 0.92315698 | AB12: =(PI()+2*$AA12)/(PI()-2*$AA12) -> 3.8508366
A13: 110 | B13: 2700 | C13: =(2*PI()*30/60) -> 3.1415927 | D13: 0.1406053 | E13: 0.53470881 | F13: 0.072121939 | G13: 0.00019141155 | H13: 0.13158355 | I13: =$G13*$D13*$B13 -> 0.072666395 | J13: =$E13*$G13*$B13 -> 0.2763435 | K13: =$I13+$J13 -> 0.34900989 | L13: =0.2*$K13 -> 0.069801979 | M13: =$D13*SIN($H13)+SQRT($E13^2-($D13*COS($H13)-$F13^2)) -> 0.40796727 | N13: =ATAN($M13+$F13-$D13*SIN($H13)) -> 0.43249247 | O13: =($D13*$C13*COS($H13))+($D13*C13*($F13+$D13*COS($H13))*SIN($H13))/(SQRT($E13^2-($F13+$D13*COS($H13)^2))) -> 0.48248742 | P13: =(-$D13*$C13^2*SIN($H13))+(-$D13*$C13^2*($F13+$D13*COS($H13))*COS($H13)+$D13^2*C13^2*(SIN($H13))^2)/SQRT($E13^2-($F13+$D13*COS($H13))^2)+($D13^2*C13^2*($F13+$D13*COS($H13))^2*(SIN($H13))^2)/($E13^2-($F13+$D13*COS($H13))^2)^3/2 -> -0.76239216 | Q13: =$T13*COS($N13) -> 109.94678 | R13: =$L13*$P13 -> -0.053216481 | S13: =$Q13+$R13 -> 109.89357 | T13: =($R13+$A13)/COS($N13) -> 121.09692 | U13: =-($I13)*(C13^2)*$D13*COS($H13) -> -0.099968787 | V13: =-($I13)*(C13^2)*$D13*SIN(H13) -> -0.013230696 | W13: =$T13*SIN($H13+$N13) -> 64.742675 | X13: =$I13*(C13^2)*$D13 -> 0.10084052 | Y13: =$W13*$D13 -> 9.1031635 | Z13: =$Y13*C13 -> 28.598431 | AA13: =ASIN($F13/$D13) -> 0.53860498 | AB13: =(PI()+2*$AA13)/(PI()-2*$AA13) -> 2.0436146
A14: 110 | B14: 2700 | C14: =(2*PI()*30/60) -> 3.1415927 | D14: 0.11021886 | E14: 0.68442949 | F14: 0.10363774 | G14: 0.00045605635 | H14: 0.58767392 | I14: =$G14*$D14*$B14 -> 0.13571823 | J14: =$E14*$G14*$B14 -> 0.84277371 | K14: =$I14+$J14 -> 0.97849195 | L14: =0.2*$K14 -> 0.19569839 | M14: =$D14*SIN($H14)+SQRT($E14^2-($D14*COS($H14)-$F14^2)) -> 0.68356854 | N14: =ATAN($M14+$F14-$D14*SIN($H14)) -> 0.62802753 | O14: =($D14*$C14*COS($H14))+($D14*C14*($F14+$D14*COS($H14))*SIN($H14))/(SQRT($E14^2-($F14+$D14*COS($H14)^2))) -> 0.35800236 | P14: =(-$D14*$C14^2*SIN($H14))+(-$D14*$C14^2*($F14+$D14*COS($H14))*COS($H14)+$D14^2*C14^2*(SIN($H14))^2)/SQRT($E14^2-($F14+$D14*COS($H14))^2)+($D14^2*C14^2*($F14+$D14*COS($H14))^2*(SIN($H14))^2)/($E14^2-($F14+$D14*COS($H14))^2)^3/2 -> -0.80773349 | Q14: =$T14*COS($N14) -> 109.84193 | R14: =$L14*$P14 -> -0.15807214 | S14: =$Q14+$R14 -> 109.68386 | T14: =($R14+$A14)/COS($N14) -> 135.7434 | U14: =-($I14)*(C14^2)*$D14*COS($H14) -> -0.12286794 | V14: =-($I14)*(C14^2)*$D14*SIN(H14) -> -0.08185364 | W14: =$T14*SIN($H14+$N14) -> 127.27484 | X14: =$I14*(C14^2)*$D14 -> 0.14763654 | Y14: =$W14*$D14 -> 14.028088 | Z14: =$Y14*C14 -> 44.070539 | AA14: =ASIN($F14/$D14) -> 1.2234825 | AB14: =(PI()+2*$AA14)/(PI()-2*$AA14) -> 8.0454013
... A101: 110 | B101: 2700 | C101: =(2*PI()*30/60) -> 3.1415927 | D101: 0.19408776 | E101: 0.43614429 | F101: 0.14331776 | G101: 0.00031367769 | H101: 1.6608093 | I101: =$G101*$D101*$B101 -> 0.1643787 | J101: =$E101*$G101*$B101 -> 0.36938358 | K101: =$I101+$J101 -> 0.53376228 | L101: =0.2*$K101 -> 0.10675246 | M101: =$D101*SIN($H101)+SQRT($E101^2-($D101*COS($H101)-$F101^2)) -> 0.67101392 | N101: =ATAN($M101+$F101-$D101*SIN($H101)) -> 0.55573915 | O101: =($D101*$C101*COS($H101))+($D101*C101*($F101+$D101*COS($H101))*SIN($H101))/(SQRT($E101^2-($F101+$D101*COS($H101)^2))) -> 0.30418643 | P101: =(-$D101*$C101^2*SIN($H101))+(-$D101*$C101^2*($F101+$D101*COS($H101))*COS($H101)+$D101^2*C101^2*(SIN($H101))^2)/SQRT($E101^2-($F101+$D101*COS($H101))^2)+($D101^2*C101^2*($F101+$D101*COS($H101))^2*(SIN($H101))^2)/($E101^2-($F101+$D101*COS($H101))^2)^3/2 -> -0.42182355 | Q101: =$T101*COS($N101) -> 109.95497 | R101: =$L101*$P101 -> -0.0450307 | S101: =$Q101+$R101 -> 109.90994 | T101: =($R101+$A101)/COS($N101) -> 129.43329 | U101: =-($I101)*(C101^2)*$D101*COS($H101) -> 0.028304933 | V101: =-($I101)*(C101^2)*$D101*SIN(H101) -> -0.31360406 | W101: =$T101*SIN($H101+$N101) -> 103.37156 | X101: =$I101*(C101^2)*$D101 -> 0.31487882 | Y101: =$W101*$D101 -> 20.063154 | Z101: =$Y101*C101 -> 63.030257 | AA101: =ASIN($F101/$D101) -> 0.83072027 | AB101: =(PI()+2*$AA101)/(PI()-2*$AA101) -> 3.2449592

Sheet Dynamics
B5: Angle | C5: Angle (rad) | D5: r | E5: L | F5: e | G5: A | H5: omega | I5: Slider Velocity | J5: Slider Acceleration
B6: 0 | C6: =(B6*PI())/180 -> 0 | D6: =Geometry!D2 -> 0.15945528 | E6: =Geometry!E2 -> 0.62184288 | F6: =Geometry!F2 -> 0.051221836 | G6: =Geometry!G2 -> 0.00034276702 | H6: =(2*PI()*30)/60 -> 3.1415927 | I6: =$D6*$H$6*SIN($C6)+($D6^2*$H$6*SIN(2*$C6)/(2*$E6)) -> 0 | J6: =($D6)*(H6^2)*(COS($C6))+(($D6^2)*(H6^2)*COS(2*$C6))/$E6 -> 1.9773102
B7: 5 | C7: =(B7*PI())/180 -> 0.087266463 | D7: =Geometry!D3 -> 0.11711133 | E7: =Geometry!E3 -> 0.69968302 | F7: =Geometry!F3 -> 0.10116628 | G7: =Geometry!G3 -> 0.00043277099 | H7: =(2*PI()*30)/60 -> 3.1415927 | I7: =$D7*$H$6*SIN($C7)+($D7^2*$H$6*SIN(2*$C7)/(2*$E7)) -> 0.03741271 | J7: =($D7)*(H7^2)*(COS($C7))+(($D7^2)*(H7^2)*COS(2*$C7))/$E7 -> 1.3419673
B8: 10 | C8: =(B8*PI())/180 -> 0.17453293 | D8: =Geometry!D4 -> 0.14054619 | E8: =Geometry!E4 -> 0.62966223 | F8: =Geometry!F4 -> 0.050861791 | G8: =Geometry!G4 -> 0.00049497579 | H8: =(2*PI()*30)/60 -> 3.1415927 | I8: =$D8*$H$6*SIN($C8)+($D8^2*$H$6*SIN(2*$C8)/(2*$E8)) -> 0.093526388 | J8: =($D8)*(H8^2)*(COS($C8))+(($D8^2)*(H8^2)*COS(2*$C8))/$E8 -> 1.6570101
B9: 15 | C9: =(B9*PI())/180 -> 0.26179939 | D9: =Geometry!D5 -> 0.15734301 | E9: =Geometry!E5 -> 0.79099364 | F9: =Geometry!F5 -> 0.088770453 | G9: =Geometry!G5 -> 0.00020359829 | H9: =(2*PI()*30)/60 -> 3.1415927 | I9: =$D9*$H$6*SIN($C9)+($D9^2*$H$6*SIN(2*$C9)/(2*$E9)) -> 0.15251792 | J9: =($D9)*(H9^2)*(COS($C9))+(($D9^2)*(H9^2)*COS(2*$C9))/$E9 -> 1.7675165
B10: 20 | C10: =(B10*PI())/180 -> 0.34906585 | D10: =Geometry!D6 -> 0.058318095 | E10: =Geometry!E6 -> 0.62110325 | F10: =Geometry!F6 -> 0.052712742 | G10: =Geometry!G6 -> 0.00010684544 | H10: =(2*PI()*30)/60 -> 3.1415927 | I10: =$D10*$H$6*SIN($C10)+($D10^2*$H$6*SIN(2*$C10)/(2*$E10)) -> 0.068190883 | J10: =($D10)*(H10^2)*(COS($C10))+(($D10^2)*(H10^2)*COS(2*$C10))/$E10 -> 0.58226466
B11: 25 | C11: =(B11*PI())/180 -> 0.43633231 | D11: =Geometry!D7 -> 0.13203986 | E11: =Geometry!E7 -> 0.59063496 | F11: =Geometry!F7 -> 0.11131355 | G11: =Geometry!G7 -> 0.00038991529 | H11: =(2*PI()*30)/60 -> 3.1415927 | I11: =$D11*$H$6*SIN($C11)+($D11^2*$H$6*SIN(2*$C11)/(2*$E11)) -> 0.21082793 | J11: =($D11)*(H11^2)*(COS($C11))+(($D11^2)*(H11^2)*COS(2*$C11))/$E11 -> 1.368349
B12: 30 | C12: =(B12*PI())/180 -> 0.52359878 | D12: =Geometry!D8 -> 0.17835133 | E12: =Geometry!E8 -> 0.62429667 | F12: =Geometry!F8 -> 0.069827063 | G12: =Geometry!G8 -> 0.00014238432 | H12: =(2*PI()*30)/60 -> 3.1415927 | I12: =$D12*$H$6*SIN($C12)+($D12^2*$H$6*SIN(2*$C12)/(2*$E12)) -> 0.34946622 | J12: =($D12)*(H12^2)*(COS($C12))+(($D12^2)*(H12^2)*COS(2*$C12))/$E12 -> 1.7758657
B13: 35 | C13: =(B13*PI())/180 -> 0.61086524 | D13: =Geometry!D9 -> 0.13769001 | E13: =Geometry!E9 -> 0.66157641 | F13: =Geometry!F9 -> 0.11040347 | G13: =Geometry!G9 -> 0.00022737641 | H13: =(2*PI()*30)/60 -> 3.1415927 | I13: =$D13*$H$6*SIN($C13)+($D13^2*$H$6*SIN(2*$C13)/(2*$E13)) -> 0.29040867 | J13: =($D13)*(H13^2)*(COS($C13))+(($D13^2)*(H13^2)*COS(2*$C13))/$E13 -> 1.2099167
B14: 40 | C14: =(B14*PI())/180 -> 0.6981317 | D14: =Geometry!D10 -> 0.082545992 | E14: =Geometry!E10 -> 0.37558412 | F14: =Geometry!F10 -> 0.056052284 | G14: =Geometry!G10 -> 0.00046548659 | H14: =(2*PI()*30)/60 -> 3.1415927 | I14: =$D14*$H$6*SIN($C14)+($D14^2*$H$6*SIN(2*$C14)/(2*$E14)) -> 0.19475589 | J14: =($D14)*(H14^2)*(COS($C14))+(($D14^2)*(H14^2)*COS(2*$C14))/$E14 -> 0.655186
B15: 45 | C15: =(B15*PI())/180 -> 0.78539816 | D15: =Geometry!D11 -> 0.087055454 | E15: =Geometry!E11 -> 0.52416277 | F15: =Geometry!F11 -> 0.08234242 | G15: =Geometry!G11 -> 0.00020596235 | H15: =(2*PI()*30)/60 -> 3.1415927 | I15: =$D15*$H$6*SIN($C15)+($D15^2*$H$6*SIN(2*$C15)/(2*$E15)) -> 0.21610009 | J15: =($D15)*(H15^2)*(COS($C15))+(($D15^2)*(H15^2)*COS(2*$C15))/$E15 -> 0.60754819
B16: 50 | C16: =(B16*PI())/180 -> 0.87266463 | D16: =Geometry!D12 -> 0.13702489 | E16: =Geometry!E12 -> 0.49986858 | F16: =Geometry!F12 -> 0.10927875 | G16: =Geometry!G12 -> 0.00014172256 | H16: =(2*PI()*30)/60 -> 3.1415927 | I16: =$D16*$H$6*SIN($C16)+($D16^2*$H$6*SIN(2*$C16)/(2*$E16)) -> 0.38786917 | J16: =($D16)*(H16^2)*(COS($C16))+(($D16^2)*(H16^2)*COS(2*$C16))/$E16 -> 0.80491966
B17: 55 | C17: =(B17*PI())/180 -> 0.95993109 | D17: =Geometry!D13 -> 0.1406053 | E17: =Geometry!E13 -> 0.53470881 | F17: =Geometry!F13 -> 0.072121939 | G17: =Geometry!G13 -> 0.00019141155 | H17: =(2*PI()*30)/60 -> 3.1415927 | I17: =$D17*$H$6*SIN($C17)+($D17^2*$H$6*SIN(2*$C17)/(2*$E17)) -> 0.41641435 | J17: =($D17)*(H17^2)*(COS($C17))+(($D17^2)*(H17^2)*COS(2*$C17))/$E17 -> 0.67115617
... B78: 360 | C78: =(B78*PI())/180 -> 6.2831853 | D78: =Geometry!D74 -> 0.19124492 | E78: =Geometry!E74 -> 0.31051944 | F78: =Geometry!F74 -> 0.082267368 | G78: =Geometry!G74 -> 0.00038940671 | H78: =(2*PI()*30)/60 -> 3.1415927 | I78: =$D78*$H$6*SIN($C78)+($D78^2*$H$6*SIN(2*$C78)/(2*$E78)) -> -2.3778894e-16 | J78: =($D78)*(H78^2)*(COS($C78))+(($D78^2)*(H78^2)*COS(2*$C78))/$E78 -> 3.0500058
